event,request,time
event,request,time
home,.,10.441
m3u8,output/stream.m3u8,13.169
ts,output/stream0.ts,13.715
ts,output/stream1.ts,15.346
ts,output/stream2.ts,16.566
ts,output/stream3.ts,18.978
home,.,20.687
m3u8,output/stream.m3u8,22.619
ts,output/stream0.ts,25.793
ts,output/stream1.ts,28.361
ts,output/stream2.ts,29.766
ts,output/stream3.ts,30.768
home,.,49.426
m3u8,output/more/small/stream.m3u8,51.067
ts,output/more/small/stream0.ts,51.565
ts,output/more/small/stream1.ts,65.09
ts,output/more/small/stream2.ts,76.43
ts,output/more/small/stream3.ts,83.119
ts,output/more/small/stream4.ts,98.231
home,.,105.077
ts,output/more/small/stream5.ts,105.211
m3u8,output/more/small/stream.m3u8,113.822
ts,output/more/small/stream0.ts,114.837
ts,output/more/small/stream6.ts,115.123
ts,output/more/small/stream0.ts,134.404
m3u8,output/more/small/stream.m3u8,137.181
ts,output/more/small/stream7.ts,138.095
ts,output/more/small/stream0.ts,138.148
ts,output/more/small/stream8.ts,142.578
ts,output/more/small/stream9.ts,149.732
ts,output/more/small/stream10.ts,159.605
ts,output/more/small/stream11.ts,165.898
ts,output/more/small/stream1.ts,167.816
ts,output/more/small/stream12.ts,174.853
ts,output/more/small/stream13.ts,188.513
ts,output/more/small/stream2.ts,189.886
ts,output/more/small/stream14.ts,199.77
ts,output/more/small/stream3.ts,213.035
ts,output/more/small/stream15.ts,219.055
ts,output/more/small/stream4.ts,221.129
ts,output/more/small/stream5.ts,236.468
ts,output/more/small/stream6.ts,243.431
ts,output/more/small/stream7.ts,254.326
ts,output/more/small/stream8.ts,263.391
ts,output/more/small/stream9.ts,267.599
ts,output/more/small/stream10.ts,273.469
ts,output/more/small/stream11.ts,282.968
ts,output/more/small/stream12.ts,295.729
ts,output/more/small/stream13.ts,307.074
ts,output/more/small/stream14.ts,310.097
ts,output/more/small/stream15.ts,327.385
home,.,366.454
m3u8,output/more/small/stream.m3u8,369.639
ts,output/more/small/stream0.ts,369.85
ts,output/more/small/stream1.ts,372.549
ts,output/more/small/stream2.ts,376.138
ts,output/more/small/stream3.ts,377.807
ts,output/more/small/stream4.ts,380.575
ts,output/more/small/stream5.ts,384.886
home,.,385.313
ts,output/more/small/stream6.ts,393.192
m3u8,output/more/small/stream.m3u8,393.659
ts,output/more/small/stream0.ts,394.129
ts,output/more/small/stream7.ts,401.506
ts,output/more/small/stream1.ts,402.211
ts,output/more/small/stream8.ts,414.336
ts,output/more/small/stream2.ts,423.036
ts,output/more/small/stream9.ts,427.08
ts,output/more/small/stream3.ts,427.811
ts,output/more/small/stream10.ts,436.558
ts,output/more/small/stream11.ts,461.087
ts,output/more/small/stream4.ts,464.262
ts,output/more/small/stream12.ts,466.264
ts,output/more/small/stream13.ts,476.821
ts,output/more/small/stream14.ts,483.131
ts,output/more/small/stream5.ts,492.376
home,.,502.917
ts,output/more/small/stream15.ts,503.069
ts,output/more/small/stream6.ts,503.807
ts,output/more/small/stream7.ts,510.936
ts,output/more/small/stream8.ts,515.29
ts,output/more/small/stream9.ts,528.51
ts,output/more/small/stream10.ts,535.211
ts,output/more/small/stream11.ts,543.725
ts,output/more/small/stream12.ts,549.447
ts,output/more/small/stream13.ts,554.986
ts,output/more/small/stream14.ts,558.54
ts,output/more/small/stream15.ts,568.456
home,.,721.727
home,.,723.099
m3u8,output/more/large/stream.m3u8,723.835
ts,output/more/large/stream0.ts,724.019
m3u8,output/more/large/stream.m3u8,724.818
ts,output/more/large/stream0.ts,725.012
ts,output/more/large/stream1.ts,725.205
ts,output/more/large/stream1.ts,726.302
ts,output/more/large/stream2.ts,726.841
ts,output/more/large/stream2.ts,727.571
ts,output/more/large/stream3.ts,727.948
ts,output/more/large/stream3.ts,728.933
ts,output/more/large/stream4.ts,729.131
ts,output/more/large/stream5.ts,730.193
ts,output/more/large/stream4.ts,731.046
ts,output/more/large/stream6.ts,731.533
ts,output/more/large/stream5.ts,731.786
ts,output/more/large/stream7.ts,732.479
ts,output/more/large/stream6.ts,732.512
ts,output/more/large/stream7.ts,733.282
ts,output/more/large/stream8.ts,736.274
ts,output/more/large/stream8.ts,737.196
ts,output/more/large/stream16.ts,739.978
ts,output/more/large/stream24.ts,740.191
ts,output/more/large/stream25.ts,740.257
ts,output/more/large/stream26.ts,740.262
ts,output/more/large/stream27.ts,740.349
ts,output/more/large/stream28.ts,740.381
ts,output/more/large/stream29.ts,740.436
ts,output/more/large/stream35.ts,740.593
ts,output/more/large/stream37.ts,740.625
ts,output/more/large/stream38.ts,740.626
ts,output/more/large/stream39.ts,740.713
ts,output/more/large/stream42.ts,740.776
ts,output/more/large/stream44.ts,740.782
ts,output/more/large/stream47.ts,740.83
ts,output/more/large/stream61.ts,740.982
ts,output/more/large/stream64.ts,740.983
ts,output/more/large/stream74.ts,741.05
ts,output/more/large/stream75.ts,741.102
ts,output/more/large/stream9.ts,741.769
ts,output/more/large/stream76.ts,745.261
ts,output/more/large/stream77.ts,745.626
ts,output/more/large/stream78.ts,745.99
ts,output/more/large/stream79.ts,746.474
ts,output/more/large/stream80.ts,747.103
ts,output/more/large/stream10.ts,747.226
ts,output/more/large/stream81.ts,747.96
ts,output/more/large/stream82.ts,754.172
ts,output/more/large/stream11.ts,755.35
ts,output/more/large/stream12.ts,758.652
ts,output/more/large/stream83.ts,759.291
ts,output/more/large/stream84.ts,762.571
ts,output/more/large/stream42.ts,762.706
ts,output/more/large/stream43.ts,763.476
ts,output/more/large/stream44.ts,764.096
ts,output/more/large/stream45.ts,766.329
ts,output/more/large/stream46.ts,766.806
ts,output/more/large/stream47.ts,767.097
ts,output/more/large/stream48.ts,767.698
ts,output/more/large/stream49.ts,767.996
ts,output/more/large/stream85.ts,768.686
ts,output/more/large/stream86.ts,770.762
ts,output/more/large/stream50.ts,770.837
ts,output/more/large/stream87.ts,771.133
ts,output/more/large/stream139.ts,771.903
ts,output/more/large/stream140.ts,771.989
ts,output/more/large/stream141.ts,772.689
ts,output/more/large/stream142.ts,774.272
ts,output/more/large/stream143.ts,774.709
ts,output/more/large/stream144.ts,775.816
ts,output/more/large/stream51.ts,775.822
ts,output/more/large/stream145.ts,776.135
ts,output/more/large/stream146.ts,776.806
ts,output/more/large/stream147.ts,777.665
ts,output/more/large/stream148.ts,778.361
ts,output/more/large/stream52.ts,782.848
ts,output/more/large/stream149.ts,783.595
ts,output/more/large/stream69.ts,789.037
ts,output/more/large/stream150.ts,789.195
ts,output/more/large/stream70.ts,790.343
ts,output/more/large/stream71.ts,791.569
ts,output/more/large/stream72.ts,792.449
ts,output/more/large/stream73.ts,793.056
ts,output/more/large/stream74.ts,793.6
ts,output/more/large/stream75.ts,794.474
ts,output/more/large/stream151.ts,796.185
ts,output/more/large/stream177.ts,796.857
ts,output/more/large/stream178.ts,798.418
ts,output/more/large/stream152.ts,798.977
ts,output/more/large/stream179.ts,799.665
ts,output/more/large/stream180.ts,800.051
ts,output/more/large/stream181.ts,801.146
ts,output/more/large/stream182.ts,801.475
ts,output/more/large/stream183.ts,801.954
ts,output/more/large/stream184.ts,802.579
ts,output/more/large/stream153.ts,805.772
ts,output/more/large/stream185.ts,807.298
ts,output/more/large/stream154.ts,810.873
ts,output/more/large/stream155.ts,813.176
ts,output/more/large/stream186.ts,814.598
ts,output/more/large/stream156.ts,819.185
ts,output/more/large/stream187.ts,821.883
ts,output/more/large/stream188.ts,823.288
ts,output/more/large/stream157.ts,823.676
ts,output/more/large/stream189.ts,827.186
ts,output/more/large/stream158.ts,829.872
ts,output/more/large/stream190.ts,831.887
ts,output/more/large/stream206.ts,834.326
ts,output/more/large/stream159.ts,834.515
ts,output/more/large/stream175.ts,835.139
ts,output/more/large/stream180.ts,835.143
ts,output/more/large/stream195.ts,835.4
ts,output/more/large/stream196.ts,835.406
ts,output/more/large/stream197.ts,835.407
ts,output/more/large/stream198.ts,835.409
ts,output/more/large/stream201.ts,835.441
ts,output/more/large/stream202.ts,835.442
ts,output/more/large/stream204.ts,835.554
ts,output/more/large/stream207.ts,835.655
ts,output/more/large/stream205.ts,835.975
ts,output/more/large/stream208.ts,836.107
ts,output/more/large/stream206.ts,836.497
ts,output/more/large/stream209.ts,836.546
ts,output/more/large/stream210.ts,836.988
ts,output/more/large/stream211.ts,837.48
ts,output/more/large/stream212.ts,838.393
ts,output/more/large/stream213.ts,839.261
ts,output/more/large/stream214.ts,839.83
ts,output/more/large/stream207.ts,841.476
ts,output/more/large/stream208.ts,841.995
ts,output/more/large/stream209.ts,842.375
ts,output/more/large/stream210.ts,842.727
ts,output/more/large/stream211.ts,843.262
ts,output/more/large/stream212.ts,843.752
ts,output/more/large/stream213.ts,844.359
ts,output/more/large/stream214.ts,844.875
ts,output/more/large/stream215.ts,848.189
ts,output/more/large/stream216.ts,850.288
ts,output/more/large/stream217.ts,852.194
ts,output/more/large/stream215.ts,852.636
ts,output/more/large/stream216.ts,854.58
ts,output/more/large/stream217.ts,856.588
ts,output/more/large/stream218.ts,858.992
ts,output/more/large/stream219.ts,862.492
ts,output/more/large/stream218.ts,863.491
ts,output/more/large/stream240.ts,864.016
ts,output/more/large/stream241.ts,865.271
ts,output/more/large/stream234.ts,865.525
ts,output/more/large/stream242.ts,866.226
ts,output/more/large/stream235.ts,868.177
ts,output/more/large/stream243.ts,868.458
ts,output/more/large/stream236.ts,870.224
ts,output/more/large/stream244.ts,870.247
ts,output/more/large/stream245.ts,871.463
ts,output/more/large/stream237.ts,871.673
ts,output/more/large/stream246.ts,872.316
ts,output/more/large/stream238.ts,872.445
ts,output/more/large/stream247.ts,873.002
ts,output/more/large/stream239.ts,873.133
ts,output/more/large/stream240.ts,873.686
ts,output/more/large/stream241.ts,874.31
ts,output/more/large/stream254.ts,875.113
ts,output/more/large/stream253.ts,875.113
ts,output/more/large/stream248.ts,875.427
ts,output/more/large/stream254.ts,876.41
ts,output/more/large/stream249.ts,876.915
ts,output/more/large/stream255.ts,877.364
ts,output/more/large/stream256.ts,878.019
ts,output/more/large/stream257.ts,878.562
ts,output/more/large/stream258.ts,879.908
ts,output/more/large/stream250.ts,881.709
ts,output/more/large/stream251.ts,889.417
ts,output/more/large/stream252.ts,890.236
ts,output/more/large/stream253.ts,890.659
ts,output/more/large/stream254.ts,891.08
ts,output/more/large/stream255.ts,891.668
ts,output/more/large/stream256.ts,892.003
ts,output/more/large/stream257.ts,896.526
ts,output/more/large/stream258.ts,898.492
ts,output/more/large/stream232.ts,952.7
ts,output/more/large/stream233.ts,953.881
ts,output/more/large/stream234.ts,954.561
ts,output/more/large/stream235.ts,957.041
ts,output/more/large/stream236.ts,958.659
ts,output/more/large/stream237.ts,959.598
ts,output/more/large/stream238.ts,960.376
home,.,1246.676
home,.,1248.712
m3u8,output/more/fake/stream.m3u8,1248.848
m3u8,output/more/fake/stream.m3u8,1249.102
ts,output/more/fake/stream0.ts,1249.239
m3u8,output/more/fake/stream.m3u8,1250.488
m3u8,output/more/fake/stream.m3u8,1250.7
ts,output/more/fake/stream3.ts,1250.83
m3u8,output/more/fake/stream.m3u8,1253.035
ts,output/more/fake/stream1.ts,1253.064
ts,output/more/fake/stream2.ts,1254.147
ts,output/more/fake/stream4.ts,1254.582
m3u8,output/more/fake/stream.m3u8,1254.63
ts,output/more/fake/stream3.ts,1255.718
m3u8,output/more/fake/stream.m3u8,1256.052
m3u8,output/more/fake/stream.m3u8,1257.775
ts,output/more/fake/stream5.ts,1259.102
ts,output/more/fake/stream4.ts,1259.295
m3u8,output/more/fake/stream.m3u8,1260.512
m3u8,output/more/fake/stream.m3u8,1262.128
ts,output/more/fake/stream5.ts,1262.268
ts,output/more/fake/stream6.ts,1262.592
m3u8,output/more/fake/stream.m3u8,1265.545
ts,output/more/fake/stream7.ts,1265.953
ts,output/more/fake/stream6.ts,1266.709
ts,output/more/fake/stream7.ts,1269.065
m3u8,output/more/fake/stream.m3u8,1270.65
m3u8,output/more/fake/stream.m3u8,1274.061
m3u8,output/more/fake/stream.m3u8,1275.162
ts,output/more/fake/stream8.ts,1275.349
ts,output/more/fake/stream8.ts,1279.008
home,.,1279.376
ts,output/more/fake/stream8.ts,1280.622
m3u8,output/more/fake/stream.m3u8,1283.675
ts,output/more/fake/stream9.ts,1283.904
m3u8,output/more/fake/stream.m3u8,1285.189
m3u8,output/more/fake/stream.m3u8,1285.713
ts,output/more/fake/stream7.ts,1285.852
ts,output/more/fake/stream8.ts,1289.062
m3u8,output/more/fake/stream.m3u8,1290.294
m3u8,output/more/fake/stream.m3u8,1292.213
ts,output/more/fake/stream9.ts,1292.4
ts,output/more/fake/stream10.ts,1292.4
m3u8,output/more/fake/stream.m3u8,1293.726
ts,output/more/fake/stream10.ts,1295.9
m3u8,output/more/fake/stream.m3u8,1297.399
ts,output/more/fake/stream11.ts,1297.644
m3u8,output/more/fake/stream.m3u8,1298.558
ts,output/more/fake/stream12.ts,1298.804
m3u8,output/more/fake/stream.m3u8,1298.888
m3u8,output/more/fake/stream.m3u8,1299.192
ts,output/more/fake/stream11.ts,1299.333
m3u8,output/more/fake/stream.m3u8,1299.659
m3u8,output/more/fake/stream.m3u8,1300.238
ts,output/more/fake/stream12.ts,1300.594
ts,output/more/fake/stream13.ts,1300.712
m3u8,output/more/fake/stream.m3u8,1300.712
m3u8,output/more/fake/stream.m3u8,1300.785
m3u8,output/more/fake/stream.m3u8,1301.32
m3u8,output/more/fake/stream.m3u8,1302.105
m3u8,output/more/fake/stream.m3u8,1302.111
ts,output/more/fake/stream13.ts,1302.512
ts,output/more/fake/stream14.ts,1302.81
m3u8,output/more/fake/stream.m3u8,1303.481
m3u8,output/more/fake/stream.m3u8,1303.582
ts,output/more/fake/stream15.ts,1304.196
m3u8,output/more/fake/stream.m3u8,1304.581
ts,output/more/fake/stream14.ts,1304.63
m3u8,output/more/fake/stream.m3u8,1304.671
m3u8,output/more/fake/stream.m3u8,1305.656
m3u8,output/more/fake/stream.m3u8,1305.764
ts,output/more/fake/stream15.ts,1305.997
ts,output/more/fake/stream16.ts,1306.631
ts,output/more/fake/stream16.ts,1308.5
m3u8,output/more/fake/stream.m3u8,1309.32
m3u8,output/more/fake/stream.m3u8,1313.15
home,.,1315.35
ts,output/more/fake/stream17.ts,1316.632
m3u8,output/more/fake/stream.m3u8,1317.301
m3u8,output/more/fake/stream.m3u8,1317.464
m3u8,output/more/fake/stream.m3u8,1317.816
ts,output/more/fake/stream14.ts,1317.967
ts,output/more/fake/stream15.ts,1318.72
ts,output/more/fake/stream16.ts,1319.586
ts,output/more/fake/stream18.ts,1319.706
m3u8,output/more/fake/stream.m3u8,1319.744
m3u8,output/more/fake/stream.m3u8,1320.178
m3u8,output/more/fake/stream.m3u8,1321.586
ts,output/more/fake/stream17.ts,1321.843
ts,output/more/fake/stream18.ts,1322.538
ts,output/more/fake/stream19.ts,1323.711
ts,output/more/fake/stream19.ts,1324.335
m3u8,output/more/fake/stream.m3u8,1324.79
m3u8,output/more/fake/stream.m3u8,1325.636
m3u8,output/more/fake/stream.m3u8,1326.076
m3u8,output/more/fake/stream.m3u8,1328.753
ts,output/more/fake/stream20.ts,1328.975
m3u8,output/more/fake/stream.m3u8,1329.023
m3u8,output/more/fake/stream.m3u8,1329.292
m3u8,output/more/fake/stream.m3u8,1333.279
ts,output/more/fake/stream20.ts,1333.706
m3u8,output/more/fake/stream.m3u8,1336.177
ts,output/more/fake/stream21.ts,1336.422
m3u8,output/more/fake/stream.m3u8,1336.454
m3u8,output/more/fake/stream.m3u8,1337.142
m3u8,output/more/fake/stream.m3u8,1341.384
m3u8,output/more/fake/stream.m3u8,1343.67
ts,output/more/fake/stream21.ts,1343.707
m3u8,output/more/fake/stream.m3u8,1343.936
m3u8,output/more/fake/stream.m3u8,1345.237
ts,output/more/fake/stream22.ts,1345.566
m3u8,output/more/fake/stream.m3u8,1347.524
m3u8,output/more/fake/stream.m3u8,1349.095
m3u8,output/more/fake/stream.m3u8,1352.683
ts,output/more/fake/stream23.ts,1352.889
ts,output/more/fake/stream22.ts,1353.741
m3u8,output/more/fake/stream.m3u8,1354.059
m3u8,output/more/fake/stream.m3u8,1357.791
m3u8,output/more/fake/stream.m3u8,1359.432
m3u8,output/more/fake/stream.m3u8,1362.582
ts,output/more/fake/stream24.ts,1363.1
ts,output/more/fake/stream23.ts,1363.698
m3u8,output/more/fake/stream.m3u8,1364.565
m3u8,output/more/fake/stream.m3u8,1367.808
m3u8,output/more/fake/stream.m3u8,1369.799
ts,output/more/fake/stream25.ts,1369.999
m3u8,output/more/fake/stream.m3u8,1372.576
ts,output/more/fake/stream24.ts,1373.706
m3u8,output/more/fake/stream.m3u8,1377.786
ts,output/more/fake/stream26.ts,1378.379
m3u8,output/more/fake/stream.m3u8,1379.647
m3u8,output/more/fake/stream.m3u8,1381.183
ts,output/more/fake/stream27.ts,1382.702
ts,output/more/fake/stream25.ts,1383.716
m3u8,output/more/fake/stream.m3u8,1385.239
m3u8,output/more/fake/stream.m3u8,1385.64
m3u8,output/more/fake/stream.m3u8,1387.402
ts,output/more/fake/stream28.ts,1389.061
m3u8,output/more/fake/stream.m3u8,1389.303
ts,output/more/fake/stream26.ts,1392.403
m3u8,output/more/fake/stream.m3u8,1393.533
m3u8,output/more/fake/stream.m3u8,1395.248
m3u8,output/more/fake/stream.m3u8,1395.688
ts,output/more/fake/stream27.ts,1396.804
m3u8,output/more/fake/stream.m3u8,1398.234
m3u8,output/more/fake/stream.m3u8,1398.341
ts,output/more/fake/stream29.ts,1399.013
m3u8,output/more/fake/stream.m3u8,1400.126
m3u8,output/more/fake/stream.m3u8,1400.772
m3u8,output/more/fake/stream.m3u8,1400.96
ts,output/more/fake/stream30.ts,1401.601
m3u8,output/more/fake/stream.m3u8,1402.67
ts,output/more/fake/stream31.ts,1404.203
m3u8,output/more/fake/stream.m3u8,1405.594
m3u8,output/more/fake/stream.m3u8,1406.437
ts,output/more/fake/stream32.ts,1406.85
m3u8,output/more/fake/stream.m3u8,1409.07
m3u8,output/more/fake/stream.m3u8,1409.982
m3u8,output/more/fake/stream.m3u8,1412.684
m3u8,output/more/fake/stream.m3u8,1413.811
m3u8,output/more/fake/stream.m3u8,1415.298
ts,output/more/fake/stream35.ts,1416.804
home,.,1426.263
m3u8,output/more/fake/stream.m3u8,1429.284
ts,output/more/fake/stream31.ts,1429.467
ts,output/more/fake/stream32.ts,1430.65
ts,output/more/fake/stream33.ts,1432.973
ts,output/more/fake/stream34.ts,1434.634
ts,output/more/fake/stream35.ts,1435.827
home,.,1539.783
home,.,1764.556
m3u8,output/more/live/stream.m3u8,1766.498
m3u8,output/more/live/stream.m3u8,1766.713
ts,output/more/live/stream2.ts,1766.845
ts,output/more/live/stream3.ts,1768.764
ts,output/more/live/stream4.ts,1769.167
ts,output/more/live/stream5.ts,1769.55
m3u8,output/more/live/stream.m3u8,1771.513
ts,output/more/live/stream6.ts,1771.706
m3u8,output/more/live/stream.m3u8,1774.982
m3u8,output/more/live/stream.m3u8,1779.406
ts,output/more/live/stream7.ts,1779.581
m3u8,output/more/live/stream.m3u8,1780.081
m3u8,output/more/live/stream.m3u8,1785.012
m3u8,output/more/live/stream.m3u8,1787.302
m3u8,output/more/live/stream.m3u8,1787.493
ts,output/more/live/stream5.ts,1787.613
m3u8,output/more/live/stream.m3u8,1787.688
ts,output/more/live/stream8.ts,1787.94
ts,output/more/live/stream6.ts,1788.581
m3u8,output/more/live/stream.m3u8,1789.473
ts,output/more/live/stream7.ts,1789.602
m3u8,output/more/live/stream.m3u8,1792.052
ts,output/more/live/stream8.ts,1795.166
m3u8,output/more/live/stream.m3u8,1797.171
m3u8,output/more/live/stream.m3u8,1797.171
ts,output/more/live/stream9.ts,1798.777
ts,output/more/live/stream9.ts,1799.128
m3u8,output/more/live/stream.m3u8,1804.173
m3u8,output/more/live/stream.m3u8,1804.232
ts,output/more/live/stream10.ts,1804.445
ts,output/more/live/stream10.ts,1804.478
m3u8,output/more/live/stream.m3u8,1812.21
ts,output/more/live/stream11.ts,1812.475
m3u8,output/more/live/stream.m3u8,1812.576
ts,output/more/live/stream11.ts,1812.857
m3u8,output/more/live/stream.m3u8,1820.136
ts,output/more/live/stream12.ts,1820.371
m3u8,output/more/live/stream.m3u8,1820.413
ts,output/more/live/stream12.ts,1820.627
m3u8,output/more/live/stream.m3u8,1827.914
ts,output/more/live/stream13.ts,1828.196
m3u8,output/more/live/stream.m3u8,1828.262
ts,output/more/live/stream13.ts,1828.745
m3u8,output/more/live/stream.m3u8,1835.756
ts,output/more/live/stream14.ts,1835.939
m3u8,output/more/live/stream.m3u8,1836.111
ts,output/more/live/stream14.ts,1836.374
m3u8,output/more/live/stream.m3u8,1843.204
ts,output/more/live/stream15.ts,1843.39
m3u8,output/more/live/stream.m3u8,1843.56
ts,output/more/live/stream15.ts,1843.849
m3u8,output/more/live/stream.m3u8,1850.437
m3u8,output/more/live/stream.m3u8,1850.784
ts,output/more/live/stream16.ts,1850.875
ts,output/more/live/stream16.ts,1851.056
m3u8,output/more/live/stream.m3u8,1858.15
ts,output/more/live/stream17.ts,1858.334
m3u8,output/more/live/stream.m3u8,1858.536
ts,output/more/live/stream17.ts,1858.949
m3u8,output/more/live/stream.m3u8,1865.866
ts,output/more/live/stream18.ts,1866.093
m3u8,output/more/live/stream.m3u8,1866.226
ts,output/more/live/stream18.ts,1866.824
m3u8,output/more/live/stream.m3u8,1873.581
ts,output/more/live/stream19.ts,1873.785
m3u8,output/more/live/stream.m3u8,1873.976
ts,output/more/live/stream19.ts,1875.104
m3u8,output/more/live/stream.m3u8,1881.696
ts,output/more/live/stream20.ts,1881.88
m3u8,output/more/live/stream.m3u8,1882.109
ts,output/more/live/stream20.ts,1882.466
m3u8,output/more/live/stream.m3u8,1890.081
ts,output/more/live/stream21.ts,1890.315
m3u8,output/more/live/stream.m3u8,1890.388
ts,output/more/live/stream21.ts,1891.173
m3u8,output/more/live/stream.m3u8,1898.381
ts,output/more/live/stream22.ts,1898.567
m3u8,output/more/live/stream.m3u8,1898.731
ts,output/more/live/stream22.ts,1898.979
m3u8,output/more/live/stream.m3u8,1906.797
ts,output/more/live/stream23.ts,1907.079
m3u8,output/more/live/stream.m3u8,1907.083
ts,output/more/live/stream23.ts,1907.323
m3u8,output/more/live/stream.m3u8,1918.241
m3u8,output/more/live/stream.m3u8,1921.834
ts,output/more/live/stream24.ts,1924.077
m3u8,output/more/live/stream.m3u8,1934.574
m3u8,output/more/live/stream.m3u8,1935.159
ts,output/more/live/stream25.ts,1935.201
ts,output/more/live/stream24.ts,1935.739
ts,output/more/live/stream26.ts,1935.891
ts,output/more/live/stream25.ts,1938.983
m3u8,output/more/live/stream.m3u8,1939.342
ts,output/more/live/stream26.ts,1941.947
m3u8,output/more/live/stream.m3u8,1943.742
ts,output/more/live/stream27.ts,1945.127
m3u8,output/more/live/stream.m3u8,1946.152
ts,output/more/live/stream27.ts,1948.212
m3u8,output/more/live/stream.m3u8,1951.809
ts,output/more/live/stream28.ts,1952.002
m3u8,output/more/live/stream.m3u8,1954.391
ts,output/more/live/stream28.ts,1954.582
m3u8,output/more/live/stream.m3u8,1960.151
ts,output/more/live/stream29.ts,1960.539
m3u8,output/more/live/stream.m3u8,1968.496
ts,output/more/live/stream30.ts,1968.844
m3u8,output/more/live/stream.m3u8,1976.835
ts,output/more/live/stream31.ts,1977.091
m3u8,output/more/live/stream.m3u8,1985.183
ts,output/more/live/stream32.ts,1985.395
m3u8,output/more/live/stream.m3u8,1993.521
ts,output/more/live/stream33.ts,1993.729
m3u8,output/more/live/stream.m3u8,2001.88
ts,output/more/live/stream34.ts,2002.139
m3u8,output/more/live/stream.m3u8,2010.219
ts,output/more/live/stream35.ts,2010.619
m3u8,output/more/live/stream.m3u8,2018.888
ts,output/more/live/stream36.ts,2019.914
m3u8,output/more/live/stream.m3u8,2028.053
ts,output/more/live/stream37.ts,2030.468
m3u8,output/more/live/stream.m3u8,2035.23
ts,output/more/live/stream39.ts,2035.43
ts,output/more/live/stream38.ts,2036.138
